{"acceptance":{"citation_min":0.4,"proof_min":0.4},"assumptions":[{"id":"AS1","statement":"<explicit assumption>"}],"axioms":[{"citation":"<pointer_only>","id":"AX1","source_id":"<id>","statement":"<pointer/summary>","type":"guideline|trial|paper|spec|rfc"}],"conclusions":[{"confidence":0.0,"id":"C1","result":"<claim>","supports":"<what>"}],"context_provenance":{"joint_context":true,"packs":[],"rid":"<RID>"},"coverage":{"axioms_used_ratio":0.0,"citations_present_ratio":0.0,"steps_verified_ratio":0.0},"domain":"generic_evidence","goal":"<verbatim goal>","rid":"<RID>","schema":1,"steps":[{"depends_on":["AX1","AS1"],"evidence_ids":["AX1"],"id":"S1","result":"<intermediate claim>","transformation":"<rule>"}]}